Product_ID,Category,Product_Name,Price_MYR,Store_Location
P0001,Luxury Sunglasses,Elite Polarized Shades,287.98,Lotus's Kulai
P0002,Professional Services,Personal Styling Consultation,50.14,Mydin USJ
P0003,Professional Services,Contact Lens Fitting,43.36,Melawati Mall
P0004,Designer Frames,Classic Optical Frame,134.04,Toppen Shopping Centre
P0005,Prescription Lenses,Photochromic Smart Lens,328.39,Lotus's Seberang Jaya
P0006,Luxury Sunglasses,AeroShade Sunglasses,280.95,Lotus's Seberang Jaya
P0007,Contact Lens Solutions,HydraSoft Daily Lens,77.59,Lalaport Bukit Bintang
P0008,Prescription Lenses,High-Index Ultra Lens,303.26,Freeport A'Famosa Outlet
P0009,Professional Services,Personal Styling Consultation,35.53,SKS Larkin Junction Mall
P0010,Prescription Lenses,High-Index Ultra Lens,134.86,Paya Bunga Square
P0011,Luxury Sunglasses,Elite Polarized Shades,467.54,Lotus's Rimbayu
P0012,Luxury Sunglasses,PolarX Sunglasses,407.96,Aeon Mall Kota Bharu
P0013,Prescription Lenses,Progressive OptiView Lens,312.05,Lotus's Bahau
P0014,Prescription Lenses,BlueGuard Digital Lens,240.12,Giant Jerteh
P0015,Luxury Sunglasses,AeroShade Sunglasses,341.78,Lotus's Bahau
P0016,Luxury Sunglasses,Elite Polarized Shades,492.31,Mitsui Outlet Park
P0017,Luxury Sunglasses,UVShield Sunglasses,387.24,Lotus's Desa Tebrau
P0018,Luxury Sunglasses,Vista SunPro,249.09,Lotus's Bahau
P0019,Luxury Sunglasses,Elite Polarized Shades,297.92,Mydin Gong Badak
P0020,Prescription Lenses,Photochromic Smart Lens,82.62,Lotus's Bahau
P0021,Contact Lens Solutions,HydraSoft Daily Lens,156.11,KIP Mall Desa Coalfields
P0022,Prescription Lenses,High-Index Ultra Lens,106.27,Mydin Gong Badak
P0023,Luxury Sunglasses,Vista SunPro,172.86,Mitsui Outlet Park
P0024,Contact Lens Solutions,VisionPlus Monthly Lens,57.74,Lotus's Rimbayu
P0025,Professional Services,Comprehensive Eye Exam,79.9,Giant Plentong
P0026,Professional Services,Contact Lens Fitting,102.81,Aeon Big Wangsa Maju
P0027,Luxury Sunglasses,Elite Polarized Shades,161.64,Lotus's Bahau
P0028,Designer Frames,Urban Acetate Frame,193.88,Aeon Big Wangsa Maju
P0029,Luxury Sunglasses,PolarX Sunglasses,160.8,Aeon Big Bukit Rimau
P0030,Professional Services,Contact Lens Fitting,92.54,KIP Mall Desa Coalfields
P0031,Contact Lens Solutions,MultiFocus Comfort Lens,171.06,Aeon Big Wangsa Maju
P0032,Luxury Sunglasses,Elite Polarized Shades,153.24,Mitsui Outlet Park
P0033,Luxury Sunglasses,Vista SunPro,434.42,Giant Plentong
P0034,Designer Frames,AeroFlex Frame,440.46,Giant Jerteh
P0035,Luxury Sunglasses,PolarX Sunglasses,386.91,Mitsui Outlet Park
P0036,Prescription Lenses,High-Index Ultra Lens,174.45,Toppen Shopping Centre
P0037,Prescription Lenses,BlueGuard Digital Lens,300.14,Giant Plentong
P0038,Contact Lens Solutions,VisionPlus Monthly Lens,102.91,Mydin USJ
P0039,Professional Services,Contact Lens Fitting,36.08,Mydin Kuala Terengganu
P0040,Contact Lens Solutions,Toric Precision Lens,132.42,Lotus's Rimbayu
P0041,Prescription Lenses,Photochromic Smart Lens,160.56,Lotus's Seberang Jaya
P0042,Prescription Lenses,Single Vision Lens,157.53,Lalaport Outlet Bukit Bintang
P0043,Prescription Lenses,Photochromic Smart Lens,296.46,Melawati Mall
P0044,Prescription Lenses,BlueGuard Digital Lens,226.71,Lotus's Desa Tebrau
P0045,Contact Lens Solutions,Toric Precision Lens,102.6,KIP Mall Desa Coalfields
P0046,Professional Services,Personal Styling Consultation,93.76,Melawati Mall
P0047,Designer Frames,Urban Acetate Frame,169.44,Paya Bunga Square
P0048,Luxury Sunglasses,Vista SunPro,399.23,Giant Plentong
P0049,Contact Lens Solutions,HydraSoft Daily Lens,154.83,Mydin USJ
P0050,Professional Services,Contact Lens Fitting,62.35,Giant Nilai
P0051,Luxury Sunglasses,Vista SunPro,341.31,Giant Plentong
P0052,Contact Lens Solutions,HydraSoft Daily Lens,130.16,Lotus's Kulai
P0053,Luxury Sunglasses,AeroShade Sunglasses,358.36,Lotus's Desa Tebrau
P0054,Prescription Lenses,Photochromic Smart Lens,113.03,Melawati Mall
P0055,Designer Frames,Vista Titanium Frame,241.53,Aeon Mall Nilai
P0056,Professional Services,Comprehensive Eye Exam,47.52,Mitsui Outlet Park
P0057,Prescription Lenses,High-Index Ultra Lens,328.74,Mydin Jengka
P0058,Prescription Lenses,Photochromic Smart Lens,325.2,Mydin USJ
P0059,Designer Frames,Urban Acetate Frame,337.54,Lotus's Bahau
P0060,Designer Frames,AeroFlex Frame,394.69,Lotus's Mergong
P0061,Prescription Lenses,Progressive OptiView Lens,210.15,KIP Mall Desa Coalfields
P0062,Luxury Sunglasses,PolarX Sunglasses,326.91,Freeport A'Famosa Outlet
P0063,Designer Frames,Titan Edge Frame,288.48,Lotus's Desa Tebrau
P0064,Designer Frames,Urban Acetate Frame,162.48,Mydin Kuala Terengganu
P0065,Designer Frames,Vista Titanium Frame,192.2,Mydin Kuala Terengganu
P0066,Professional Services,Vision Care Consultation,96.76,Aeon Mall Kota Bharu
P0067,Luxury Sunglasses,Vista SunPro,331.14,SKS Larkin Junction Mall
P0068,Prescription Lenses,Progressive OptiView Lens,282.19,Mitsui Outlet Park
P0069,Prescription Lenses,Single Vision Lens,346.18,SKS Larkin Junction Mall
P0070,Prescription Lenses,BlueGuard Digital Lens,329.49,Mydin Tunjong Kota Bharu
P0071,Professional Services,Vision Care Consultation,39.56,Mayang Mall Mercato
P0072,Contact Lens Solutions,VisionPlus Monthly Lens,178.59,Freeport A'Famosa Outlet
P0073,Contact Lens Solutions,VisionPlus Monthly Lens,57.15,Mydin USJ
P0074,Prescription Lenses,Photochromic Smart Lens,315.26,KIP Mall Desa Coalfields
P0075,Designer Frames,AeroFlex Frame,240.43,Mayang Mall Mercato
P0076,Professional Services,Frame Adjustment Service,38.98,Giant Jerteh
P0077,Luxury Sunglasses,Elite Polarized Shades,416.72,Lotus's Shah Alam
P0078,Prescription Lenses,Photochromic Smart Lens,148.18,Mydin Gong Badak
P0079,Professional Services,Frame Adjustment Service,82.54,Aeon Big Bukit Rimau
P0080,Prescription Lenses,Single Vision Lens,243.79,Aeon Big Wangsa Maju
P0081,Contact Lens Solutions,HydraSoft Daily Lens,41.96,Mydin Tunjong Kota Bharu
P0082,Luxury Sunglasses,AeroShade Sunglasses,158.25,Mydin Gong Badak
P0083,Prescription Lenses,High-Index Ultra Lens,181.07,Mydin Gong Badak
P0084,Contact Lens Solutions,ClearDay Daily Lens,124.01,SKS Larkin Junction Mall
P0085,Prescription Lenses,Single Vision Lens,279.11,Lotus's Shah Alam
P0086,Prescription Lenses,High-Index Ultra Lens,306.27,Mayang Mall Mercato
P0087,Luxury Sunglasses,UVShield Sunglasses,234.79,Giant Seri Kembangan
P0088,Professional Services,Frame Adjustment Service,82.32,Melawati Mall
P0089,Professional Services,Comprehensive Eye Exam,69.36,Mydin Gong Badak
P0090,Professional Services,Frame Adjustment Service,72.34,Lotus's Shah Alam
P0091,Professional Services,Personal Styling Consultation,90.04,Aeon Big Bukit Rimau
P0092,Luxury Sunglasses,AeroShade Sunglasses,246.7,Giant Kuantan
P0093,Contact Lens Solutions,HydraSoft Daily Lens,58.99,Giant Kuantan
P0094,Designer Frames,Classic Optical Frame,360.51,Mydin Kuala Terengganu
P0095,Contact Lens Solutions,Toric Precision Lens,110.52,Lotus's Bahau
P0096,Luxury Sunglasses,Vista SunPro,478.67,Lotus's Shah Alam
P0097,Prescription Lenses,Single Vision Lens,101.82,Mitsui Outlet Park
P0098,Designer Frames,Vista Titanium Frame,393.29,Lotus's Shah Alam
P0099,Professional Services,Frame Adjustment Service,95.11,Lotus's Desa Tebrau
P0100,Contact Lens Solutions,ClearDay Daily Lens,81.51,Lotus's Seberang Jaya
P0101,Prescription Lenses,Photochromic Smart Lens,291.24,Aeon Big Wangsa Maju
P0102,Professional Services,Personal Styling Consultation,50.89,KIP Mall Desa Coalfields
P0103,Luxury Sunglasses,UVShield Sunglasses,278.16,Giant Nilai
P0104,Professional Services,Vision Care Consultation,106.96,SKS Larkin Junction Mall
P0105,Luxury Sunglasses,PolarX Sunglasses,377.38,Mayang Mall Mercato
P0106,Luxury Sunglasses,PolarX Sunglasses,232.51,Mayang Mall Mercato
P0107,Prescription Lenses,Photochromic Smart Lens,129.2,Lotus's Desa Tebrau
P0108,Professional Services,Frame Adjustment Service,85.31,Mitsui Outlet Park
P0109,Prescription Lenses,Progressive OptiView Lens,241.2,Mydin Kuala Terengganu
P0110,Contact Lens Solutions,ClearDay Daily Lens,116.62,Giant Seri Kembangan
P0111,Professional Services,Comprehensive Eye Exam,72.0,SKS Larkin Junction Mall
P0112,Professional Services,Personal Styling Consultation,95.78,Mitsui Outlet Park
P0113,Luxury Sunglasses,Elite Polarized Shades,324.44,Toppen Shopping Centre
P0114,Prescription Lenses,Progressive OptiView Lens,119.73,Lotus's Mergong
P0115,Prescription Lenses,BlueGuard Digital Lens,254.69,Mydin Gong Badak
P0116,Designer Frames,Titan Edge Frame,234.15,Freeport A'Famosa Outlet
P0117,Professional Services,Contact Lens Fitting,96.36,Aeon Big Wangsa Maju
P0118,Prescription Lenses,High-Index Ultra Lens,203.88,Lotus's Seberang Jaya
P0119,Contact Lens Solutions,Toric Precision Lens,129.32,Mayang Mall Mercato
P0120,Prescription Lenses,Photochromic Smart Lens,346.96,Toppen Shopping Centre
P0121,Prescription Lenses,Single Vision Lens,115.92,Lalaport Outlet Bukit Bintang
P0122,Contact Lens Solutions,ClearDay Daily Lens,139.73,Freeport A'Famosa Outlet
P0123,Prescription Lenses,Progressive OptiView Lens,137.08,Mitsui Outlet Park
P0124,Luxury Sunglasses,UVShield Sunglasses,462.05,Mydin Jengka
P0125,Contact Lens Solutions,ClearDay Daily Lens,84.92,Lotus's Seberang Jaya
P0126,Prescription Lenses,Single Vision Lens,144.3,Mayang Mall Mercato
P0127,Professional Services,Contact Lens Fitting,31.66,KIP Mall Desa Coalfields
P0128,Prescription Lenses,High-Index Ultra Lens,268.23,Aeon Mall Kota Bharu
P0129,Prescription Lenses,Single Vision Lens,220.09,Mydin Tunjong Kota Bharu
P0130,Professional Services,Vision Care Consultation,34.28,Giant Nilai
P0131,Luxury Sunglasses,Elite Polarized Shades,495.83,Giant Jerteh
P0132,Professional Services,Frame Adjustment Service,43.01,Freeport A'Famosa Outlet
P0133,Contact Lens Solutions,Toric Precision Lens,89.91,Aeon Mall Nilai
P0134,Luxury Sunglasses,AeroShade Sunglasses,347.95,Lalaport Outlet Bukit Bintang
P0135,Professional Services,Personal Styling Consultation,116.33,Giant Plentong
P0136,Prescription Lenses,High-Index Ultra Lens,324.67,Paya Bunga Square
P0137,Designer Frames,Vista Titanium Frame,332.65,Aeon Big Bukit Rimau
P0138,Professional Services,Comprehensive Eye Exam,55.02,Aeon Big Bukit Rimau
P0139,Luxury Sunglasses,PolarX Sunglasses,387.13,Lotus's Mergong
P0140,Luxury Sunglasses,Vista SunPro,480.06,Aeon Big Wangsa Maju
P0141,Luxury Sunglasses,Elite Polarized Shades,406.67,Aeon Big Bukit Rimau
P0142,Professional Services,Comprehensive Eye Exam,87.49,Mydin Kuala Terengganu
P0143,Professional Services,Contact Lens Fitting,110.14,Giant Seri Kembangan
P0144,Prescription Lenses,Photochromic Smart Lens,196.75,Lotus's Kulai
P0145,Contact Lens Solutions,HydraSoft Daily Lens,87.3,SKS Larkin Junction Mall
P0146,Contact Lens Solutions,Toric Precision Lens,47.43,Lotus's Desa Tebrau
P0147,Designer Frames,Classic Optical Frame,137.82,Giant Plentong
P0148,Contact Lens Solutions,VisionPlus Monthly Lens,150.45,Giant Seri Kembangan
P0149,Professional Services,Vision Care Consultation,45.43,Giant Kuantan
P0150,Prescription Lenses,Single Vision Lens,104.35,Mydin Kuala Terengganu
P0151,Professional Services,Personal Styling Consultation,85.8,Aeon Big Bukit Rimau
P0152,Professional Services,Personal Styling Consultation,72.1,Mydin Gong Badak
P0153,Professional Services,Comprehensive Eye Exam,117.93,Mitsui Outlet Park
P0154,Designer Frames,Titan Edge Frame,247.81,Lalaport Outlet Bukit Bintang
P0155,Luxury Sunglasses,UVShield Sunglasses,344.05,Melawati Mall
P0156,Contact Lens Solutions,MultiFocus Comfort Lens,102.49,Lotus's Rimbayu
P0157,Professional Services,Vision Care Consultation,103.84,Toppen Shopping Centre
P0158,Luxury Sunglasses,UVShield Sunglasses,188.19,Giant Seri Kembangan
P0159,Contact Lens Solutions,HydraSoft Daily Lens,171.45,Lalaport Outlet Bukit Bintang
P0160,Luxury Sunglasses,Vista SunPro,159.63,Lalaport Outlet Bukit Bintang
P0161,Professional Services,Comprehensive Eye Exam,114.47,Aeon Mall Nilai
P0162,Luxury Sunglasses,Elite Polarized Shades,287.91,Giant Seri Kembangan
P0163,Designer Frames,AeroFlex Frame,137.12,Toppen Shopping Centre
P0164,Luxury Sunglasses,UVShield Sunglasses,484.79,Mydin Tunjong Kota Bharu
P0165,Professional Services,Vision Care Consultation,103.74,Lotus's Kulai
P0166,Contact Lens Solutions,Toric Precision Lens,150.63,Lalaport Bukit Bintang
P0167,Designer Frames,Vista Titanium Frame,258.52,Lotus's Desa Tebrau
P0168,Professional Services,Contact Lens Fitting,96.23,Lalaport Bukit Bintang
P0169,Luxury Sunglasses,Vista SunPro,362.7,Freeport A'Famosa Outlet
P0170,Designer Frames,Vista Titanium Frame,307.52,Aeon Big Bukit Rimau
P0171,Professional Services,Comprehensive Eye Exam,76.17,Giant Jerteh
P0172,Professional Services,Contact Lens Fitting,42.42,Lalaport Outlet Bukit Bintang
P0173,Luxury Sunglasses,Vista SunPro,368.91,Giant Seri Kembangan
P0174,Professional Services,Vision Care Consultation,104.14,Aeon Big Wangsa Maju
P0175,Prescription Lenses,Progressive OptiView Lens,226.03,Giant Nilai
P0176,Professional Services,Comprehensive Eye Exam,66.17,Lalaport Bukit Bintang
P0177,Luxury Sunglasses,Elite Polarized Shades,273.89,Lalaport Bukit Bintang
P0178,Prescription Lenses,High-Index Ultra Lens,263.62,Giant Plentong
P0179,Prescription Lenses,High-Index Ultra Lens,287.31,Lotus's Desa Tebrau
P0180,Designer Frames,AeroFlex Frame,404.69,Giant Jerteh
P0181,Luxury Sunglasses,PolarX Sunglasses,489.03,Lotus's Rimbayu
P0182,Professional Services,Personal Styling Consultation,67.44,Aeon Big Bukit Rimau
P0183,Designer Frames,Titan Edge Frame,293.18,Lalaport Bukit Bintang
P0184,Luxury Sunglasses,Vista SunPro,336.28,Giant Kuantan
P0185,Luxury Sunglasses,Elite Polarized Shades,207.58,Lotus's Shah Alam
P0186,Contact Lens Solutions,HydraSoft Daily Lens,179.54,Mydin Gong Badak
P0187,Designer Frames,Titan Edge Frame,274.39,Lalaport Outlet Bukit Bintang
P0188,Designer Frames,Classic Optical Frame,197.02,Melawati Mall
P0189,Professional Services,Frame Adjustment Service,94.41,Mydin USJ
P0190,Professional Services,Frame Adjustment Service,51.23,Lalaport Outlet Bukit Bintang
P0191,Designer Frames,Titan Edge Frame,203.65,Mydin Tunjong Kota Bharu
P0192,Professional Services,Contact Lens Fitting,57.28,Lotus's Rimbayu
P0193,Prescription Lenses,BlueGuard Digital Lens,319.47,Lalaport Outlet Bukit Bintang
P0194,Prescription Lenses,BlueGuard Digital Lens,165.64,Giant Seri Kembangan
P0195,Contact Lens Solutions,MultiFocus Comfort Lens,61.51,Toppen Shopping Centre
P0196,Professional Services,Personal Styling Consultation,57.51,Lotus's Desa Tebrau
P0197,Contact Lens Solutions,HydraSoft Daily Lens,117.16,Mydin Jengka
P0198,Contact Lens Solutions,MultiFocus Comfort Lens,47.31,Lotus's Rimbayu
P0199,Contact Lens Solutions,ClearDay Daily Lens,40.47,Freeport A'Famosa Outlet
P0200,Luxury Sunglasses,Vista SunPro,335.4,Lotus's Bahau
P0201,Luxury Sunglasses,Vista SunPro,416.92,Lotus's Kulai
P0202,Prescription Lenses,High-Index Ultra Lens,295.25,Lalaport Outlet Bukit Bintang
P0203,Luxury Sunglasses,PolarX Sunglasses,357.21,Aeon Big Wangsa Maju
P0204,Prescription Lenses,BlueGuard Digital Lens,304.74,Mayang Mall Mercato
P0205,Prescription Lenses,BlueGuard Digital Lens,273.13,Lotus's Seberang Jaya
P0206,Designer Frames,Urban Acetate Frame,422.73,Mydin Kuala Terengganu
P0207,Luxury Sunglasses,UVShield Sunglasses,214.93,Lotus's Shah Alam
P0208,Prescription Lenses,BlueGuard Digital Lens,185.22,SKS Larkin Junction Mall
P0209,Professional Services,Frame Adjustment Service,50.85,Mayang Mall Mercato
P0210,Contact Lens Solutions,HydraSoft Daily Lens,70.29,Lotus's Shah Alam
P0211,Professional Services,Contact Lens Fitting,66.8,Aeon Mall Kota Bharu
P0212,Prescription Lenses,Photochromic Smart Lens,162.7,Toppen Shopping Centre
P0213,Luxury Sunglasses,AeroShade Sunglasses,467.0,SKS Larkin Junction Mall
P0214,Prescription Lenses,BlueGuard Digital Lens,245.37,Mydin Kuala Terengganu
P0215,Prescription Lenses,BlueGuard Digital Lens,290.14,Melawati Mall
P0216,Prescription Lenses,Photochromic Smart Lens,96.06,Melawati Mall
P0217,Professional Services,Vision Care Consultation,68.8,KIP Mall Desa Coalfields
P0218,Luxury Sunglasses,PolarX Sunglasses,293.97,Mayang Mall Mercato
P0219,Prescription Lenses,BlueGuard Digital Lens,213.88,Lotus's Kulai
P0220,Designer Frames,Classic Optical Frame,282.3,Aeon Mall Nilai
P0221,Designer Frames,Vista Titanium Frame,308.91,Paya Bunga Square
P0222,Contact Lens Solutions,ClearDay Daily Lens,144.18,Lalaport Bukit Bintang
P0223,Contact Lens Solutions,MultiFocus Comfort Lens,156.51,Giant Nilai
P0224,Professional Services,Vision Care Consultation,77.58,Lotus's Seberang Jaya
P0225,Luxury Sunglasses,Vista SunPro,343.53,Giant Seri Kembangan
P0226,Contact Lens Solutions,ClearDay Daily Lens,152.77,KIP Mall Desa Coalfields
P0227,Contact Lens Solutions,HydraSoft Daily Lens,164.08,Lotus's Desa Tebrau
P0228,Contact Lens Solutions,ClearDay Daily Lens,67.07,Mydin Tunjong Kota Bharu
P0229,Designer Frames,Titan Edge Frame,189.77,Mydin Gong Badak
P0230,Prescription Lenses,High-Index Ultra Lens,252.49,Toppen Shopping Centre
P0231,Professional Services,Comprehensive Eye Exam,119.0,Aeon Big Wangsa Maju
P0232,Professional Services,Contact Lens Fitting,64.12,Lotus's Mergong
P0233,Luxury Sunglasses,PolarX Sunglasses,472.98,Lotus's Desa Tebrau
P0234,Professional Services,Frame Adjustment Service,105.91,Giant Kuantan
P0235,Professional Services,Personal Styling Consultation,48.67,Mydin Tunjong Kota Bharu
P0236,Contact Lens Solutions,VisionPlus Monthly Lens,135.54,Lotus's Seberang Jaya
P0237,Luxury Sunglasses,PolarX Sunglasses,239.89,Lalaport Outlet Bukit Bintang
P0238,Prescription Lenses,BlueGuard Digital Lens,93.16,Freeport A'Famosa Outlet
P0239,Luxury Sunglasses,Elite Polarized Shades,202.24,Lotus's Mergong
P0240,Contact Lens Solutions,ClearDay Daily Lens,143.45,Mydin USJ
P0241,Designer Frames,Titan Edge Frame,328.89,Mitsui Outlet Park
P0242,Prescription Lenses,Single Vision Lens,326.01,Lalaport Outlet Bukit Bintang
P0243,Prescription Lenses,Single Vision Lens,205.46,Giant Jerteh
P0244,Luxury Sunglasses,PolarX Sunglasses,232.6,Giant Plentong
P0245,Luxury Sunglasses,UVShield Sunglasses,474.18,Lalaport Bukit Bintang
P0246,Professional Services,Frame Adjustment Service,52.16,Lotus's Rimbayu
P0247,Prescription Lenses,Progressive OptiView Lens,129.6,Lotus's Seberang Jaya
P0248,Prescription Lenses,BlueGuard Digital Lens,237.89,Mitsui Outlet Park
P0249,Contact Lens Solutions,ClearDay Daily Lens,52.98,Giant Seri Kembangan
P0250,Professional Services,Frame Adjustment Service,53.43,Lotus's Mergong
P0251,Prescription Lenses,BlueGuard Digital Lens,91.15,Mayang Mall Mercato
P0252,Prescription Lenses,Progressive OptiView Lens,224.18,Giant Nilai
P0253,Designer Frames,Vista Titanium Frame,405.43,Giant Kuantan
P0254,Luxury Sunglasses,Vista SunPro,406.19,Mayang Mall Mercato
P0255,Designer Frames,Vista Titanium Frame,228.8,Lotus's Kulai
P0256,Contact Lens Solutions,ClearDay Daily Lens,40.05,Lotus's Mergong
P0257,Designer Frames,AeroFlex Frame,248.3,Giant Plentong
P0258,Professional Services,Personal Styling Consultation,62.42,Lotus's Kulai
P0259,Professional Services,Comprehensive Eye Exam,113.1,Paya Bunga Square
P0260,Prescription Lenses,BlueGuard Digital Lens,315.15,Lotus's Mergong
P0261,Designer Frames,Urban Acetate Frame,136.9,Lotus's Seberang Jaya
P0262,Contact Lens Solutions,VisionPlus Monthly Lens,107.21,Giant Kuantan
P0263,Luxury Sunglasses,Elite Polarized Shades,262.09,Aeon Mall Nilai
P0264,Contact Lens Solutions,Toric Precision Lens,151.52,SKS Larkin Junction Mall
P0265,Prescription Lenses,High-Index Ultra Lens,280.54,Lotus's Desa Tebrau
P0266,Designer Frames,Titan Edge Frame,139.65,Lalaport Outlet Bukit Bintang
P0267,Designer Frames,Urban Acetate Frame,198.75,Mydin Tunjong Kota Bharu
P0268,Designer Frames,Vista Titanium Frame,266.13,Mydin Kuala Terengganu
P0269,Designer Frames,Classic Optical Frame,307.55,Paya Bunga Square
P0270,Prescription Lenses,Progressive OptiView Lens,253.58,Lotus's Desa Tebrau
P0271,Prescription Lenses,Photochromic Smart Lens,309.49,Lotus's Bahau
P0272,Designer Frames,Vista Titanium Frame,137.24,Lalaport Outlet Bukit Bintang
P0273,Luxury Sunglasses,AeroShade Sunglasses,292.64,Giant Jerteh
P0274,Contact Lens Solutions,HydraSoft Daily Lens,100.44,Lotus's Shah Alam
P0275,Prescription Lenses,Single Vision Lens,160.1,Lalaport Bukit Bintang
P0276,Contact Lens Solutions,HydraSoft Daily Lens,170.97,Aeon Mall Kota Bharu
P0277,Contact Lens Solutions,HydraSoft Daily Lens,115.27,Paya Bunga Square
P0278,Luxury Sunglasses,Elite Polarized Shades,377.25,Mydin Tunjong Kota Bharu
P0279,Professional Services,Contact Lens Fitting,83.32,Mydin Jengka
P0280,Professional Services,Personal Styling Consultation,54.75,Lotus's Seberang Jaya
P0281,Prescription Lenses,Single Vision Lens,212.21,Melawati Mall
P0282,Professional Services,Comprehensive Eye Exam,63.64,Mayang Mall Mercato
P0283,Professional Services,Frame Adjustment Service,106.13,Mydin Tunjong Kota Bharu
P0284,Luxury Sunglasses,Vista SunPro,388.19,Lotus's Seberang Jaya
P0285,Professional Services,Frame Adjustment Service,70.54,Mydin USJ
P0286,Luxury Sunglasses,PolarX Sunglasses,457.55,Lotus's Mergong
P0287,Professional Services,Frame Adjustment Service,88.79,Mydin Jengka
P0288,Contact Lens Solutions,VisionPlus Monthly Lens,178.11,Mydin Kuala Terengganu
P0289,Designer Frames,Vista Titanium Frame,310.76,Lotus's Bahau
P0290,Professional Services,Vision Care Consultation,89.27,Lotus's Bahau
P0291,Contact Lens Solutions,Toric Precision Lens,59.47,SKS Larkin Junction Mall
P0292,Prescription Lenses,Progressive OptiView Lens,161.57,Mydin USJ
P0293,Designer Frames,Urban Acetate Frame,369.92,Giant Kuantan
P0294,Contact Lens Solutions,HydraSoft Daily Lens,174.47,Mydin Tunjong Kota Bharu
P0295,Luxury Sunglasses,UVShield Sunglasses,385.79,Lotus's Kulai
P0296,Luxury Sunglasses,AeroShade Sunglasses,195.17,Mydin Gong Badak
P0297,Professional Services,Personal Styling Consultation,93.33,Lotus's Rimbayu
P0298,Contact Lens Solutions,MultiFocus Comfort Lens,117.19,SKS Larkin Junction Mall
P0299,Contact Lens Solutions,VisionPlus Monthly Lens,42.47,Paya Bunga Square
P0300,Contact Lens Solutions,HydraSoft Daily Lens,64.29,Aeon Big Bukit Rimau
P0301,Professional Services,Personal Styling Consultation,42.45,Mitsui Outlet Park
P0302,Professional Services,Vision Care Consultation,105.24,Aeon Big Wangsa Maju
P0303,Prescription Lenses,BlueGuard Digital Lens,303.52,Aeon Mall Nilai
P0304,Prescription Lenses,Single Vision Lens,106.55,Lotus's Mergong
P0305,Contact Lens Solutions,ClearDay Daily Lens,138.35,Lotus's Seberang Jaya
P0306,Luxury Sunglasses,PolarX Sunglasses,400.5,Aeon Big Wangsa Maju
P0307,Designer Frames,Titan Edge Frame,366.3,Aeon Mall Nilai
P0308,Designer Frames,AeroFlex Frame,176.93,Melawati Mall
P0309,Designer Frames,Urban Acetate Frame,216.81,Mayang Mall Mercato
P0310,Prescription Lenses,Single Vision Lens,112.95,Lotus's Rimbayu
P0311,Contact Lens Solutions,Toric Precision Lens,99.56,Lotus's Rimbayu
P0312,Designer Frames,AeroFlex Frame,287.18,Lalaport Outlet Bukit Bintang
P0313,Contact Lens Solutions,Toric Precision Lens,167.61,Giant Seri Kembangan
P0314,Designer Frames,AeroFlex Frame,203.58,Mydin Kuala Terengganu
P0315,Designer Frames,Classic Optical Frame,213.52,Giant Kuantan
P0316,Prescription Lenses,High-Index Ultra Lens,90.7,Lotus's Seberang Jaya
P0317,Luxury Sunglasses,AeroShade Sunglasses,229.69,Giant Kuantan
P0318,Contact Lens Solutions,ClearDay Daily Lens,130.37,Paya Bunga Square
P0319,Designer Frames,AeroFlex Frame,135.29,Lotus's Desa Tebrau
P0320,Professional Services,Frame Adjustment Service,59.53,Lotus's Desa Tebrau
P0321,Contact Lens Solutions,ClearDay Daily Lens,92.4,Lotus's Mergong
P0322,Professional Services,Frame Adjustment Service,67.28,Paya Bunga Square
P0323,Designer Frames,AeroFlex Frame,126.93,Mydin Tunjong Kota Bharu
P0324,Contact Lens Solutions,Toric Precision Lens,50.52,Lotus's Kulai
P0325,Contact Lens Solutions,Toric Precision Lens,102.85,Mydin Kuala Terengganu
P0326,Luxury Sunglasses,PolarX Sunglasses,154.51,Mitsui Outlet Park
P0327,Professional Services,Vision Care Consultation,55.82,Mydin Tunjong Kota Bharu
P0328,Contact Lens Solutions,VisionPlus Monthly Lens,77.28,Mydin Jengka
P0329,Designer Frames,Titan Edge Frame,371.91,Aeon Big Wangsa Maju
P0330,Designer Frames,Urban Acetate Frame,223.74,SKS Larkin Junction Mall
P0331,Designer Frames,Classic Optical Frame,442.35,Mydin Tunjong Kota Bharu
P0332,Professional Services,Comprehensive Eye Exam,54.89,Mayang Mall Mercato
P0333,Professional Services,Personal Styling Consultation,105.37,Mydin Tunjong Kota Bharu
P0334,Professional Services,Contact Lens Fitting,106.25,Mitsui Outlet Park
P0335,Luxury Sunglasses,UVShield Sunglasses,239.4,Giant Nilai
P0336,Contact Lens Solutions,HydraSoft Daily Lens,170.91,Lotus's Seberang Jaya
P0337,Luxury Sunglasses,PolarX Sunglasses,241.01,Aeon Mall Kota Bharu
P0338,Professional Services,Contact Lens Fitting,93.85,Giant Seri Kembangan
P0339,Contact Lens Solutions,HydraSoft Daily Lens,135.84,Aeon Big Bukit Rimau
P0340,Contact Lens Solutions,HydraSoft Daily Lens,104.97,Freeport A'Famosa Outlet
P0341,Designer Frames,Vista Titanium Frame,354.44,Freeport A'Famosa Outlet
P0342,Contact Lens Solutions,Toric Precision Lens,164.0,Toppen Shopping Centre
P0343,Contact Lens Solutions,MultiFocus Comfort Lens,46.47,Aeon Mall Kota Bharu
P0344,Designer Frames,Urban Acetate Frame,199.39,Lotus's Kulai
P0345,Prescription Lenses,High-Index Ultra Lens,236.58,SKS Larkin Junction Mall
P0346,Professional Services,Contact Lens Fitting,105.29,Giant Nilai
P0347,Luxury Sunglasses,UVShield Sunglasses,179.98,Aeon Big Wangsa Maju
P0348,Professional Services,Contact Lens Fitting,90.66,KIP Mall Desa Coalfields
P0349,Luxury Sunglasses,UVShield Sunglasses,197.97,Lotus's Shah Alam
P0350,Luxury Sunglasses,Elite Polarized Shades,206.44,Aeon Big Wangsa Maju
P0351,Contact Lens Solutions,VisionPlus Monthly Lens,173.52,Paya Bunga Square
P0352,Professional Services,Contact Lens Fitting,110.71,Lotus's Mergong
P0353,Professional Services,Frame Adjustment Service,88.59,Mydin USJ
P0354,Contact Lens Solutions,Toric Precision Lens,178.45,Mydin USJ
P0355,Prescription Lenses,Progressive OptiView Lens,280.01,Lotus's Shah Alam
P0356,Contact Lens Solutions,HydraSoft Daily Lens,176.76,Giant Plentong
P0357,Prescription Lenses,Photochromic Smart Lens,87.25,Giant Seri Kembangan
P0358,Professional Services,Contact Lens Fitting,35.68,Mitsui Outlet Park
P0359,Contact Lens Solutions,Toric Precision Lens,124.52,Lotus's Rimbayu
P0360,Professional Services,Vision Care Consultation,96.54,Aeon Mall Kota Bharu
P0361,Designer Frames,Vista Titanium Frame,322.58,Mitsui Outlet Park
P0362,Luxury Sunglasses,UVShield Sunglasses,377.61,Lalaport Bukit Bintang
P0363,Contact Lens Solutions,MultiFocus Comfort Lens,92.56,Lotus's Seberang Jaya
P0364,Prescription Lenses,High-Index Ultra Lens,174.82,Aeon Mall Nilai
P0365,Designer Frames,Urban Acetate Frame,167.63,Lotus's Kulai
P0366,Designer Frames,AeroFlex Frame,238.97,Aeon Mall Nilai
P0367,Contact Lens Solutions,HydraSoft Daily Lens,154.57,Freeport A'Famosa Outlet
P0368,Designer Frames,Urban Acetate Frame,211.74,Mydin USJ
P0369,Designer Frames,AeroFlex Frame,446.08,Freeport A'Famosa Outlet
P0370,Prescription Lenses,Single Vision Lens,201.78,Aeon Big Wangsa Maju
P0371,Professional Services,Vision Care Consultation,87.55,Mydin Gong Badak
P0372,Luxury Sunglasses,Vista SunPro,269.61,Mayang Mall Mercato
P0373,Designer Frames,Urban Acetate Frame,158.04,Giant Plentong
P0374,Contact Lens Solutions,ClearDay Daily Lens,163.46,Freeport A'Famosa Outlet
P0375,Designer Frames,Urban Acetate Frame,154.33,Giant Jerteh
P0376,Contact Lens Solutions,Toric Precision Lens,129.91,Mitsui Outlet Park
P0377,Designer Frames,Titan Edge Frame,374.89,Paya Bunga Square
P0378,Designer Frames,Classic Optical Frame,290.35,Freeport A'Famosa Outlet
P0379,Designer Frames,Classic Optical Frame,387.92,Lalaport Outlet Bukit Bintang
P0380,Luxury Sunglasses,AeroShade Sunglasses,264.62,Lotus's Bahau
P0381,Prescription Lenses,BlueGuard Digital Lens,222.13,Mitsui Outlet Park
P0382,Luxury Sunglasses,AeroShade Sunglasses,367.24,Mydin Tunjong Kota Bharu
P0383,Prescription Lenses,BlueGuard Digital Lens,205.34,Mayang Mall Mercato
P0384,Prescription Lenses,Progressive OptiView Lens,119.98,Melawati Mall
P0385,Prescription Lenses,High-Index Ultra Lens,332.42,Lotus's Seberang Jaya
P0386,Professional Services,Vision Care Consultation,43.27,KIP Mall Desa Coalfields
P0387,Designer Frames,AeroFlex Frame,198.43,Freeport A'Famosa Outlet
P0388,Luxury Sunglasses,PolarX Sunglasses,424.43,Aeon Mall Nilai
P0389,Designer Frames,Classic Optical Frame,387.51,Freeport A'Famosa Outlet
P0390,Luxury Sunglasses,Elite Polarized Shades,374.3,Melawati Mall
P0391,Designer Frames,AeroFlex Frame,296.36,Mydin Tunjong Kota Bharu
P0392,Prescription Lenses,Photochromic Smart Lens,295.33,Mydin Tunjong Kota Bharu
P0393,Designer Frames,Vista Titanium Frame,371.43,Mydin Kuala Terengganu
P0394,Designer Frames,Classic Optical Frame,294.0,Mayang Mall Mercato
P0395,Designer Frames,Urban Acetate Frame,438.41,Mydin USJ
P0396,Designer Frames,AeroFlex Frame,401.14,Giant Jerteh
P0397,Professional Services,Contact Lens Fitting,39.41,KIP Mall Desa Coalfields
P0398,Luxury Sunglasses,Vista SunPro,287.25,KIP Mall Desa Coalfields
P0399,Prescription Lenses,High-Index Ultra Lens,272.82,Mydin Jengka
P0400,Professional Services,Contact Lens Fitting,37.03,Lotus's Kulai
P0401,Luxury Sunglasses,AeroShade Sunglasses,165.61,Mitsui Outlet Park
P0402,Prescription Lenses,Progressive OptiView Lens,207.76,Giant Plentong
P0403,Professional Services,Vision Care Consultation,35.66,Lotus's Mergong
P0404,Contact Lens Solutions,MultiFocus Comfort Lens,55.34,Lalaport Bukit Bintang
P0405,Luxury Sunglasses,Vista SunPro,282.61,Mydin Jengka
P0406,Contact Lens Solutions,MultiFocus Comfort Lens,151.35,Lotus's Desa Tebrau
P0407,Contact Lens Solutions,ClearDay Daily Lens,101.03,Aeon Big Bukit Rimau
P0408,Prescription Lenses,Photochromic Smart Lens,100.72,Toppen Shopping Centre
P0409,Contact Lens Solutions,MultiFocus Comfort Lens,97.62,Giant Jerteh
P0410,Luxury Sunglasses,AeroShade Sunglasses,294.61,Mydin USJ
P0411,Designer Frames,Urban Acetate Frame,275.2,Freeport A'Famosa Outlet
P0412,Designer Frames,Titan Edge Frame,133.5,Aeon Big Wangsa Maju
P0413,Contact Lens Solutions,MultiFocus Comfort Lens,122.7,Lotus's Seberang Jaya
P0414,Designer Frames,Urban Acetate Frame,226.21,Giant Seri Kembangan
P0415,Prescription Lenses,BlueGuard Digital Lens,294.7,Mydin Jengka
P0416,Professional Services,Vision Care Consultation,104.4,Lotus's Mergong
P0417,Luxury Sunglasses,Vista SunPro,448.54,Giant Jerteh
P0418,Contact Lens Solutions,Toric Precision Lens,95.25,Aeon Big Wangsa Maju
P0419,Professional Services,Personal Styling Consultation,111.62,Giant Seri Kembangan
P0420,Professional Services,Contact Lens Fitting,46.85,Toppen Shopping Centre
P0421,Designer Frames,AeroFlex Frame,378.72,Lotus's Rimbayu
P0422,Professional Services,Vision Care Consultation,37.49,Toppen Shopping Centre
P0423,Professional Services,Contact Lens Fitting,118.36,Giant Jerteh
P0424,Luxury Sunglasses,Vista SunPro,187.25,Giant Kuantan
P0425,Luxury Sunglasses,Elite Polarized Shades,307.46,Lalaport Bukit Bintang
P0426,Prescription Lenses,Photochromic Smart Lens,231.34,Mydin Gong Badak
P0427,Luxury Sunglasses,Vista SunPro,355.52,Aeon Big Wangsa Maju
P0428,Prescription Lenses,High-Index Ultra Lens,332.53,KIP Mall Desa Coalfields
P0429,Luxury Sunglasses,Vista SunPro,205.8,Lotus's Mergong
P0430,Professional Services,Frame Adjustment Service,115.69,Lotus's Mergong
P0431,Professional Services,Personal Styling Consultation,35.56,Giant Jerteh
P0432,Designer Frames,Vista Titanium Frame,268.36,Paya Bunga Square
P0433,Prescription Lenses,Single Vision Lens,88.57,Giant Seri Kembangan
P0434,Contact Lens Solutions,MultiFocus Comfort Lens,167.81,Paya Bunga Square
P0435,Prescription Lenses,Single Vision Lens,220.3,Paya Bunga Square
P0436,Designer Frames,Vista Titanium Frame,140.3,Mydin Jengka
P0437,Contact Lens Solutions,VisionPlus Monthly Lens,118.67,KIP Mall Desa Coalfields
P0438,Luxury Sunglasses,Elite Polarized Shades,256.61,Mayang Mall Mercato
P0439,Contact Lens Solutions,MultiFocus Comfort Lens,46.71,Toppen Shopping Centre
P0440,Designer Frames,Titan Edge Frame,294.68,Lotus's Bahau
P0441,Designer Frames,AeroFlex Frame,388.24,Mydin Kuala Terengganu
P0442,Professional Services,Frame Adjustment Service,96.3,Mydin Jengka
P0443,Designer Frames,Titan Edge Frame,300.11,Mydin Gong Badak
P0444,Prescription Lenses,Photochromic Smart Lens,207.38,SKS Larkin Junction Mall
P0445,Professional Services,Personal Styling Consultation,77.53,Melawati Mall
P0446,Luxury Sunglasses,PolarX Sunglasses,190.09,Giant Jerteh
P0447,Designer Frames,Titan Edge Frame,125.91,Giant Seri Kembangan
P0448,Prescription Lenses,Progressive OptiView Lens,226.31,Mydin Kuala Terengganu
P0449,Contact Lens Solutions,Toric Precision Lens,44.21,Paya Bunga Square
P0450,Designer Frames,Urban Acetate Frame,294.91,Lotus's Rimbayu
P0451,Prescription Lenses,BlueGuard Digital Lens,155.26,Giant Kuantan
P0452,Designer Frames,Classic Optical Frame,224.28,Mydin Gong Badak
P0453,Professional Services,Contact Lens Fitting,77.92,Giant Kuantan
P0454,Luxury Sunglasses,Vista SunPro,476.37,Lotus's Seberang Jaya
P0455,Designer Frames,Urban Acetate Frame,445.78,Melawati Mall
P0456,Luxury Sunglasses,PolarX Sunglasses,265.07,Mydin Tunjong Kota Bharu
P0457,Designer Frames,Classic Optical Frame,122.45,Lalaport Bukit Bintang
P0458,Prescription Lenses,High-Index Ultra Lens,293.1,Lotus's Shah Alam
P0459,Designer Frames,AeroFlex Frame,319.43,Giant Jerteh
P0460,Luxury Sunglasses,PolarX Sunglasses,159.45,Giant Plentong
P0461,Professional Services,Personal Styling Consultation,82.2,Giant Seri Kembangan
P0462,Professional Services,Contact Lens Fitting,54.2,Giant Nilai
P0463,Contact Lens Solutions,VisionPlus Monthly Lens,124.04,SKS Larkin Junction Mall
P0464,Contact Lens Solutions,VisionPlus Monthly Lens,55.13,Aeon Mall Nilai
P0465,Designer Frames,AeroFlex Frame,212.75,Giant Nilai
P0466,Prescription Lenses,Progressive OptiView Lens,97.87,Lalaport Outlet Bukit Bintang
P0467,Prescription Lenses,Single Vision Lens,259.91,Aeon Big Bukit Rimau
P0468,Professional Services,Vision Care Consultation,94.63,Aeon Mall Nilai
P0469,Designer Frames,Vista Titanium Frame,128.96,Mydin Kuala Terengganu
P0470,Designer Frames,Vista Titanium Frame,187.29,Paya Bunga Square
P0471,Prescription Lenses,High-Index Ultra Lens,200.16,KIP Mall Desa Coalfields
P0472,Prescription Lenses,Single Vision Lens,320.19,Mydin Tunjong Kota Bharu
P0473,Professional Services,Personal Styling Consultation,55.14,Paya Bunga Square
P0474,Contact Lens Solutions,MultiFocus Comfort Lens,73.31,Mydin USJ
P0475,Luxury Sunglasses,PolarX Sunglasses,205.92,Mydin Jengka
P0476,Designer Frames,Vista Titanium Frame,142.88,Giant Seri Kembangan
P0477,Contact Lens Solutions,ClearDay Daily Lens,66.34,Lotus's Bahau
P0478,Contact Lens Solutions,ClearDay Daily Lens,80.39,Mydin Tunjong Kota Bharu
P0479,Contact Lens Solutions,Toric Precision Lens,67.03,Aeon Mall Kota Bharu
P0480,Prescription Lenses,Single Vision Lens,183.03,Toppen Shopping Centre
P0481,Designer Frames,Classic Optical Frame,206.77,Paya Bunga Square
P0482,Professional Services,Contact Lens Fitting,52.71,Lotus's Kulai
P0483,Designer Frames,Vista Titanium Frame,439.0,Giant Seri Kembangan
P0484,Professional Services,Vision Care Consultation,30.51,Mydin Gong Badak
P0485,Prescription Lenses,BlueGuard Digital Lens,343.25,Mitsui Outlet Park
P0486,Designer Frames,AeroFlex Frame,219.03,Melawati Mall
P0487,Professional Services,Contact Lens Fitting,110.86,Mitsui Outlet Park
P0488,Luxury Sunglasses,AeroShade Sunglasses,431.76,Lotus's Bahau
P0489,Luxury Sunglasses,Elite Polarized Shades,423.72,Giant Plentong
P0490,Luxury Sunglasses,UVShield Sunglasses,383.96,Giant Nilai
P0491,Luxury Sunglasses,PolarX Sunglasses,197.52,Lotus's Mergong
P0492,Designer Frames,Vista Titanium Frame,157.28,Lalaport Bukit Bintang
P0493,Luxury Sunglasses,AeroShade Sunglasses,494.1,Lotus's Shah Alam
P0494,Designer Frames,Classic Optical Frame,200.25,Mydin Gong Badak
P0495,Luxury Sunglasses,AeroShade Sunglasses,251.73,Giant Nilai
P0496,Professional Services,Contact Lens Fitting,94.77,Giant Kuantan
P0497,Luxury Sunglasses,AeroShade Sunglasses,375.35,Giant Nilai
P0498,Designer Frames,Vista Titanium Frame,219.97,Mydin Gong Badak
P0499,Luxury Sunglasses,Vista SunPro,431.35,Lalaport Bukit Bintang
P0500,Designer Frames,Classic Optical Frame,417.55,Lalaport Bukit Bintang
